[{"id":"user-image-5968764.png","publicUrl":"np://user.desktop.nicepage.com/Site_1797300/images/5968764.png","size":3763,"fileName":"5968764.png","name":"5968764","width":128,"height":128,"thumbnail":{"url":"np://user.desktop.nicepage.com/Site_1797300/images/thumbnails/5968764.png","width":128,"height":128,"length":3763,"type":"png"}},{"id":"user-image-hcmute.png","publicUrl":"np://user.desktop.nicepage.com/Site_1797300/images/hcmute.png","size":13931,"fileName":"hcmute.png","name":"hcmute","width":225,"height":225,"thumbnail":{"url":"np://user.desktop.nicepage.com/Site_1797300/images/thumbnails/hcmute.png","width":225,"height":225,"length":13931,"type":"png"}},{"id":"user-image-clc.png","publicUrl":"np://user.desktop.nicepage.com/Site_1797300/images/clc.png","size":10244,"fileName":"clc.png","name":"clc","width":225,"height":225,"thumbnail":{"url":"np://user.desktop.nicepage.com/Site_1797300/images/thumbnails/clc.png","width":225,"height":225,"length":10244,"type":"png"}},{"id":"user-image-302202783_1187631265130447_718865386768087217_n.jpg","publicUrl":"np://user.desktop.nicepage.com/Site_1797300/images/302202783_1187631265130447_718865386768087217_n.jpg","size":63570,"fileName":"302202783_1187631265130447_718865386768087217_n.jpg","name":"302202783_1187631265130447_718865386768087217_n","width":960,"height":960,"thumbnail":{"url":"np://user.desktop.nicepage.com/Site_1797300/images/thumbnails/302202783_1187631265130447_718865386768087217_n.jpg","width":250,"height":250}},{"id":"user-image-309873388_1750850698616460_1508182243569913433_n.jpg","publicUrl":"np://user.desktop.nicepage.com/Site_1797300/images/309873388_1750850698616460_1508182243569913433_n.jpg","size":6613,"fileName":"309873388_1750850698616460_1508182243569913433_n.jpg","name":"309873388_1750850698616460_1508182243569913433_n","width":160,"height":160,"thumbnail":{"url":"np://user.desktop.nicepage.com/Site_1797300/images/thumbnails/309873388_1750850698616460_1508182243569913433_n.jpg","height":160,"width":160,"length":6613,"type":"jpg"}},{"id":"user-image-backgroundweb.png","publicUrl":"np://user.desktop.nicepage.com/Site_1797300/images/backgroundweb.png","size":723261,"fileName":"backgroundweb.png","name":"backgroundweb","width":1200,"height":700,"thumbnail":{"url":"np://user.desktop.nicepage.com/Site_1797300/images/thumbnails/backgroundweb.png","width":250,"height":146}},{"id":"user-image-pexels-photo-1450082.jpeg","publicUrl":"np://user.desktop.nicepage.com/Site_1797300/images/pexels-photo-1450082.jpeg","size":187830,"fileName":"pexels-photo-1450082.jpeg","name":"pexels-photo-1450082","width":1200,"height":1500,"thumbnail":{"url":"np://user.desktop.nicepage.com/Site_1797300/images/thumbnails/pexels-photo-1450082.jpeg","width":200,"height":250},"originalUrl":"//images03.nicepage.com/a1389d7bc73adea1e1c1fb7e/43df50f2f4ca5d72a851e851/pexels-photo-1450082.jpeg"},{"id":"user-image-pexels-photo-392586.jpeg","publicUrl":"np://user.desktop.nicepage.com/Site_1797300/images/pexels-photo-392586.jpeg","size":370360,"fileName":"pexels-photo-392586.jpeg","name":"pexels-photo-392586","width":1000,"height":1500,"thumbnail":{"url":"np://user.desktop.nicepage.com/Site_1797300/images/thumbnails/pexels-photo-392586.jpeg","width":167,"height":250},"originalUrl":"//images03.nicepagecdn.com/a1389d7bc73adea1e1c1fb7e/25cec994c55a5716943da483/pexels-photo-392586.jpeg"},{"id":"user-image-pexels-photo-1680140.jpeg","publicUrl":"np://user.desktop.nicepage.com/Site_1797300/images/pexels-photo-1680140.jpeg","size":285661,"fileName":"pexels-photo-1680140.jpeg","name":"pexels-photo-1680140","width":1124,"height":1500,"thumbnail":{"url":"np://user.desktop.nicepage.com/Site_1797300/images/thumbnails/pexels-photo-1680140.jpeg","width":187,"height":250},"originalUrl":"//images03.nicepage.com/a1389d7bc73adea1e1c1fb7e/73cc69981f6a5c71a0816542/pexels-photo-1680140.jpeg"},{"id":"user-image-Untitled-1.jpg","publicUrl":"np://user.desktop.nicepage.com/Site_1797300/images/Untitled-1.jpg","size":225050,"fileName":"Untitled-1.jpg","name":"Untitled-1","width":700,"height":458,"thumbnail":{"url":"np://user.desktop.nicepage.com/Site_1797300/images/thumbnails/Untitled-1.jpg","width":250,"height":164},"originalUrl":"//images03.nicepage.com/c461c07a441a5d220e8feb1a/e86caee8c8095f8581913c7a/Untitled-1.jpg"},{"id":"user-image-sad.jpg","publicUrl":"np://user.desktop.nicepage.com/Site_1797300/images/sad.jpg","size":176474,"fileName":"sad.jpg","name":"sad","width":700,"height":458,"thumbnail":{"url":"np://user.desktop.nicepage.com/Site_1797300/images/thumbnails/sad.jpg","width":250,"height":164},"originalUrl":"//images03.nicepage.com/c461c07a441a5d220e8feb1a/5de50cff20e15c3d832bda73/sad.jpg"},{"id":"user-image-sa.jpg","publicUrl":"np://user.desktop.nicepage.com/Site_1797300/images/sa.jpg","size":124788,"fileName":"sa.jpg","name":"sa","width":700,"height":458,"thumbnail":{"url":"np://user.desktop.nicepage.com/Site_1797300/images/thumbnails/sa.jpg","width":250,"height":164},"originalUrl":"//images03.nicepage.com/c461c07a441a5d220e8feb1a/4d15b54a54455975b0dd27ad/sa.jpg"}]